Days,Emission,DaysOri,C0,Tavg,Bmax,td,ldr
4,0.31,11,2.6,25.00,1366,200,5
5,5.06,12
7,14.53,14
9,19.3,16
10,38.14,17
11,42.88,18
12,108.79,19
13,52.34,20
14,174.73,21
15,259.47,22
16,315.96,23
17,348.94,24
18,504.27,25
19,509,26
20,372.55,27
21,447.89,28
22,664.37,29
23,471.46,30
24,692.67,31
25,716.24,32
26,645.67,33
27,683.35,34
28,801.02,35
29,641.05,36
30,499.91,37
31,471.7,38
31,537.6,38
33,580,40
34,528.26,41
35,570.63,42
36,650.66,43
37,617.76,44
38,443.68,45
40,453.15,47
41,420.24,48
42,401.44,49
42,349.69,49
44,406.22,51
46,302.73,53
47,236.88,54
48,189.85,55
49,204,56
50,222.85,57
52,218.19,59
53,255.88,60
53,406.48,60
55,100.65,62
56,72.44,63
57,34.83,64
59,16.04,66
61,6.7,68
64,6.8,71
