DAT,tavg,course_type,ch4_flux,rain_mm
1,19,flooding,,0
2,19.5,flooding,,0
3,19.2,flooding,,0
4,17.6,flooding,,0
5,20.1,flooding,,0
6,21,flooding,,1.5
7,17.8,flooding,,0
8,18.8,flooding,,0
9,19.8,flooding,-0.00088625,0
10,20.2,flooding,,0
11,19.9,flooding,,0
12,18.7,flooding,,0
13,18.9,flooding,,0
14,19.8,flooding,,0
15,20.1,flooding,,0
16,20.7,flooding,,0
17,20.7,flooding,,0
18,21.2,flooding,0.018651011,0
19,21,flooding,,3.5
20,22.5,flooding,,0
21,23.7,flooding,,0
22,23.7,flooding,,0
23,23.6,flooding,,0
24,23.8,flooding,,0
25,24.4,flooding,0.062281824,0
26,24.8,flooding,,0
27,23.4,flooding,,0
28,22.3,flooding,,0
29,23.4,flooding,,0
30,25,flooding,0.09156284,0
31,23.5,flooding,,0
32,25.6,flooding,,0
33,24.3,flooding,,6.5
34,24,flooding,,1.5
35,23.9,flooding,,0
36,22.7,flooding,,0
37,23.3,flooding,0.129762802,0
38,22.6,flooding,,0
39,24.4,flooding,,0
40,24.3,flooding,,20
41,24.6,flooding,,33.5
42,25.7,flooding,0.132058749,2.5
43,26.9,flooding,,10.5
44,26.3,flooding,0.117812517,15.5
45,27.3,flooding,,0
46,26.1,flooding,,4.5
47,27.9,flooding,,4.5
48,27.2,flooding,,4.5
49,26.2,flooding,0.1109108,62.5
50,24.2,flooding,,104
51,24.7,flooding,0.093768841,18
52,24.2,flooding,,0
53,25.1,flooding,,0
54,26.5,flooding,,0.5
55,26.2,flooding,,0.5
56,26.7,flooding,,3.5
57,25.8,flooding,0.147007811,21.5
58,27.7,flooding,,0
59,26.9,flooding,,24.5
60,25.6,flooding,,1.5
61,26.3,flooding,,31
62,28.5,flooding,,0
63,28.9,flooding,,0
64,28.2,flooding,0.207644444,0
65,28.8,flooding,,0.5
66,28.2,flooding,,12
67,28.2,flooding,,6
68,28.6,flooding,,2
69,29.5,flooding,,0
70,28.1,flooding,,0
71,28,flooding,0.241552899,0
72,29.1,flooding,,0
73,29.6,flooding,,0
74,29.8,flooding,,0
75,29.9,flooding,,0
76,30,flooding,,0
77,27.9,flooding,,3
78,28.7,flooding,,0
79,29.3,flooding,,0
80,27.7,flooding,0.371010756,0
81,27.9,flooding,,0
82,29.2,flooding,,0
83,29.6,flooding,,0
84,29.8,flooding,,0
85,29.8,flooding,,0
86,29.5,flooding,,0
87,28.2,flooding,,0
88,27.4,flooding,0.59760776,0
89,27.6,flooding,,0
90,27.6,flooding,,0
91,29,flooding,,0
92,28.9,flooding,,0
93,29,flooding,,0
94,28.1,flooding,0.596223951,0
95,27.4,flooding,,0
96,27.8,flooding,,0
97,27.3,flooding,,0
98,27.5,flooding,,0
99,26.9,flooding,0.507778433,0
100,27.3,flooding,,0
101,28.1,flooding,,0
102,27.1,flooding,,0
103,25.4,flooding,,0
104,25.9,flooding,,0
105,25.1,flooding,,0
106,26.6,flooding,,0
107,26.3,flooding,,0
108,26.2,flooding,0.361139874,0
109,25.8,flooding,,0
110,26,flooding,,0
111,25.3,flooding,,0
112,26.9,flooding,,0
113,28,flooding,,0
114,27.4,flooding,0.46600671,0
115,27.8,flooding,,0
116,27.5,flooding,,0
117,27.7,flooding,,0
118,28.6,flooding,,0
119,28.1,flooding,,0
120,28.9,flooding,,0
121,27.9,flooding,,0
122,28.6,drainage,,0.5
123,26.2,drainage,,31
124,24.5,drainage,,69.5
125,21.8,drainage,,0
126,21.9,drainage,0.142038511,0
127,20.9,drainage,,0
128,21.6,drainage,,0
129,23.2,drainage,,0
130,22.2,drainage,,0
131,22.7,drainage,,0
132,22.4,drainage,,0
133,20.6,drainage,,0
134,17.4,drainage,,2.5
135,14.3,drainage,,0
136,11.9,drainage,,3.5
137,14.8,drainage,,0
138,15.6,drainage,,0
139,15.7,drainage,,0.5
140,16.6,drainage,,4.5
141,15.7,drainage,,0
142,16.7,drainage,0,0
